query_id,doc_ids,distances
0,"[99999, 1899999, 1899999, 4099999, 99999]","[3.4028234663852886e+38, 3.4028234663852886e+38, 3.4028234663852886e+38, 3.4028234663852886e+38, 3.4028234663852886e+38]"
1,"[4099999, 3899999, 3899999, 3899999, 2099999]","[3.4028234663852886e+38, 3.4028234663852886e+38, 3.4028234663852886e+38, 3.4028234663852886e+38, 3.4028234663852886e+38]"
2,"[99999, 2099999, 1899999, 1899999, 699999]","[3.4028234663852886e+38, 3.4028234663852886e+38, 3.4028234663852886e+38, 3.4028234663852886e+38, 3.4028234663852886e+38]"
3,"[699999, 2099999, 699999, 4099999, 4099999]","[3.4028234663852886e+38, 3.4028234663852886e+38, 3.4028234663852886e+38, 3.4028234663852886e+38, 3.4028234663852886e+38]"
4,"[699999, 1899999, 3899999, 3899999, 1899999]","[3.4028234663852886e+38, 3.4028234663852886e+38, 3.4028234663852886e+38, 3.4028234663852886e+38, 3.4028234663852886e+38]"
5,"[99999, 699999, 699999, 699999, 3899999]","[3.4028234663852886e+38, 3.4028234663852886e+38, 3.4028234663852886e+38, 3.4028234663852886e+38, 3.4028234663852886e+38]"
6,"[3899999, 1899999, 1899999, 699999, 1899999]","[3.4028234663852886e+38, 3.4028234663852886e+38, 3.4028234663852886e+38, 3.4028234663852886e+38, 3.4028234663852886e+38]"
